[{"sale_id": "rep123", "poke_index": 22, "level": 11, "age": 22, "purchase_price": "33.00", "sale_price": 100.0, "sale_flag": true}, {"sale_id": "iamashe", "poke_index": 100, "level": 30, "age": 20, "purchase_price": "100.00", "sale_price": 300.0, "sale_flag": true}, {"sale_id": "newaccount", "poke_index": 2, "level": 0, "age": 0, "purchase_price": 0, "sale_price": 100.0, "sale_flag": true}, {"sale_id": 0, "poke_index": 65, "level": 29, "age": 33, "purchase_price": "898.00", "sale_price": "98798.00", "sale_flag": false}, {"sale_id": 0, "poke_index": 803, "level": 22, "age": 100, "purchase_price": "200.00", "sale_price": "300.00", "sale_flag": false}, {"sale_id": 0, "poke_index": 12, "level": 12, "age": 32, "purchase_price": "66.00", "sale_price": "88.00", "sale_flag": false}, {"sale_id": "rep123", "poke_index": 658, "level": 1, "age": 23, "purchase_price": "123.00", "sale_price": 333.0, "sale_flag": true}, {"sale_id": 0, "poke_index": 500, "level": 20, "age": 3, "purchase_price": "100.00", "sale_price": "200.00", "sale_flag": false}, {"sale_id": 0, "poke_index": 666, "level": 21, "age": 32, "purchase_price": "123.00", "sale_price": "321.00", "sale_flag": false}, {"sale_id": 0, "poke_index": 520, "level": 65, "age": 1, "purchase_price": "99.00", "sale_price": "999.00", "sale_flag": false}]